{
  "geometry": "1268x877+587+16",
  "v_ratio": 0.517406962785114,
  "h_ratio": 0.37013502779984114
}